X,Y,Z
-5.249566249853324e-18,-0.09842006621767693,0.13951006345599468
2.2373565477522063e-06,-0.09841394382349222,0.13951726903724554
1.736391206861803e-05,-0.09837254322623039,0.13956595718843445
5.6854013177104964e-05,-0.09826439803508417,0.13969283435809413
0.0001307718112582964,-0.09806172841227775,0.1399294311066753
0.00024793854271166663,-0.09773983578625846,0.14030208905932076
0.0004161053240307978,-0.09727647598234825,0.14083192159034685
0.0006421168210483343,-0.09665127362329354,0.14153476972106072
0.0009320549425943581,-0.09584522487067816,0.14242116647364883
0.0012913549876224476,-0.09484032176147224,0.14349631810642033
0.0017248894768248882,-0.09361931941718478,0.14476010882495519
0.002237017275486352,-0.09216565705293012,0.14620713600645185
0.0028315976215725876,-0.09046353473799813,0.14782678487465903
0.003511970273484174,-0.08849814015820123,0.1496033539757714
0.004280904944191094,-0.08625601176649353,0.15151624602208638
0.0051405231463623165,-0.08372552055876813,0.15354023859110566
0.0060921984034520435,-0.08089744397207745,0.15564585242623824
0.0071364400846816774,-0.07776560295973095,0.15779983187804042
0.008272767659385736,-0.07432752748110882,0.15996575068676322
0.009499582460540529,-0.07058511252514246,0.16210475161621066
0.010814044462996223,-0.06654522428107536,0.1641764225038868
0.01221196180741151,-0.06222021497582772,0.16613980380062865
0.013687700875039453,-0.0576283054350615,0.1679545139522395
0.015234124648809707,-0.05279379686129211,0.16958196937616984
0.016842566883214696,-0.04774707789620092,0.17098666573192828
0.01850284923027052,-0.042524399939714484,0.17213747717533523
0.02020334787599163,-0.037167403061581665,0.1730089209164863
0.021931115323900158,-0.0317223866836839,0.17358232637957752
0.02367206155113407,-0.02623933339099984,0.17384684244592802
0.025411196640596663,-0.020770710352651375,0.17380021366574178
0.02713293393191877,-0.01537009014579721,0.17344925809568587
0.028821448578398037,-0.010090650042414148,0.17280998672664097
0.03046108117872772,-0.004983624264396335,0.17190731828204814
0.03203677022404989,-9.679505397015923e-05,0.17077436393663512
0.03353449123331769,0.004526886915033566,0.16945128374045543
0.03494167582635534,0.008850466622872507,0.1679837484554794
0.03624758202688962,0.012843862071424003,0.16642107391308253
0.037443589101863725,0.01648440924053755,0.16481412550494404
0.03852339693986529,0.019757062956416056,0.1632131132347584
0.0394831210360727,0.02265428029581118,0.1616654088059136
0.04032128805554738,0.025175649975461605,0.16021351331387942
0.04103875115455288,0.027327360372803828,0.15889328771014538
0.041638555801246695,0.029121615258729215,0.15773253135895227
0.0421257932082665,0.030576107108218897,0.15674996141132924
0.04250747809982159,0.03171364288562967,0.15595461230647095
0.04279248104262382,0.0325619894940731,0.1553456434832112
0.042991532973282065,0.03315396951050197,0.15491251664669933
0.043117305989980745,0.03352779942331835,0.1546354785233825
0.043184559780034576,0.033727626186120914,0.15448626052729592
0.043210332087621206,0.03380418909365361,0.15442887830240917
0.043214144559771066,0.03381551437718658,0.1544203803470541
