q0_A,q0_B,q0_C,q0_D,q0_E,Gamma0_A,Gamma0_B,Gamma0_C,Gamma0_D,Gamma0_E
3.231474230715826e-27,4.251699191382471e-24,6.951617724069765e-24,-1.5275723130241548e-24,4.610403075934697e-25,0.05246531760744653,0.042527665745456036,0.017603302857581736,0.03847312365454746,0.03906040909726208
-5.87120067895621e-25,-3.162280097712e-24,-8.917035168427162e-24,-3.5568847216121847e-25,-1.401795977784859e-25,-0.00037431015217043764,-0.0009158893850254871,0.007121908726537754,-0.0044087189807549875,-1.4994628970713983e-16
2.290401174895679e-25,-4.325298546949734e-25,1.1006971824544646e-22,-1.4582667698674027e-25,1.6770638469064885e-25,-0.055423504724822735,-0.04050783436726377,-0.01952953422541844,-0.03732560937041942,-0.03906040909726181
-0.5,-0.5,-0.5,-0.5,-0.5,-0.0025398166817600376,0.0029149336026642655,-0.009050970616078749,0.005555015510801279,1.3740040174853911e-16
0.5,0.5,0.5,0.5,0.5,-0.0062345778771858975,0.0020703878530257385,0.008320891780210402,-0.0019715526942121974,0.0017498235478190253
0.5,0.5,0.5,0.5,0.5,0.045582175264061484,0.043614667606892955,0.03149393125313179,0.03482365509784211,0.02650560091386028
0.5,0.5,0.5,0.5,0.5,0.00795038015546455,0.00021374299586649599,-0.004623847009870071,0.005215261745831658,0.001749823547818926
0.0002466538789199456,-0.0003608787738802143,0.0008611595610383668,-0.00035956716261488183,1.567769676972483e-19,-0.04388391226662683,-0.041355398751757255,-0.027865197566897586,-0.03161074070451637,-0.023030781842618267
-0.0010140614424655134,-0.001175714830336292,-0.0014671279423147598,-0.0016132369803340606,-0.0019474097380120295,-0.0235958018068784,0.021333780218110523,-0.03546014257765223,0.016949318230453005,-0.0010486769048051524
0.018683205461979848,0.017846766441358623,0.018087660586486306,0.01780526065507222,0.018136628586194282,-0.030719061296766836,-0.009727176144240226,0.006439594855995441,0.013562469025806852,0.024693381973921773
-0.5170574316417459,-0.5215078741215452,-0.5384573031193638,-0.5316936924072875,-0.5423574100655694,0.020111188036552825,-0.0245901759136633,0.03446643593441561,-0.019443435184661923,-0.001048676904804955
0.4964478734017806,0.45629279310450416,0.50501014881496,0.4453641117587022,0.4537052344275608,0.027211873584377044,0.0064584826402523075,-0.007461302517154256,-0.016069585040540464,-0.026809481554953704
0.46524988901314596,0.49235053582244914,0.4263385924277064,0.47829254782133496,0.4537052344275609,,,,,
0.5193588953239814,0.5267042567375586,0.5227464843670169,0.5386918080964875,0.5423574100655694,,,,,
0.0010651621270759588,-0.0014669989588478728,0.0033814662235837137,-0.0014011304504899082,-1.3605217510308677e-18,,,,,
-0.0030789749745425378,-0.003841705495048434,-0.005131146916702755,-0.0055784559398599646,-0.006831353678971624,,,,,
0.03722657361400964,0.03539648315960778,0.03562393647899468,0.035108928614723145,0.03564360808015168,,,,,
-0.5277576048692935,-0.5319306884327261,-0.573872315703081,-0.5530356646900353,-0.5762023554618567,,,,,
0.5021928275457642,0.4182670020737647,0.5125443897814286,0.39433686589224487,0.4098668632131757,,,,,
0.43770407574746517,0.4915119646791842,0.3545091388691586,0.460256180568678,0.4098668632131758,,,,,
0.5269624431952191,0.5481956277251031,0.5313116639331514,0.5716766901207929,0.5762023554618567,,,,,
0.002590152877168764,-0.0034121406440002027,0.007627159630767777,-0.003152304891609842,-4.5357951459914404e-18,,,,,
-0.005526381709604013,-0.007456216311527775,-0.010608571363025208,-0.011411487505725619,-0.014141965481259783,,,,,
0.055630984447838296,0.052574888030257526,0.05223496150661898,0.05168874070544263,0.05219358591910393,,,,,
-0.5320995149483045,-0.5309204724619,-0.6072517217342147,-0.5645527202944297,-0.6026492288135047,,,,,
0.5184097351863401,0.38762352865663324,0.5226235406434643,0.3485315721481539,0.36988363982540234,,,,,
0.4192956816605557,0.4986136346750673,0.2860798993736859,0.4469825636347691,0.3698836398254025,,,,,
0.5218357825950782,0.5650273402842836,0.5256122833329362,0.6000104641009066,0.6026492288135047,,,,,
0.004998821961930288,-0.006326985678104306,0.013694718246775569,-0.005670498243960109,-7.352122533140991e-18,,,,,
-0.007614235025539784,-0.011441324625311352,-0.017474965624757487,-0.018622250332668504,-0.023377769275544417,,,,,
0.07392639662328081,0.06938104763088505,0.06759735662528514,0.06745669626959527,0.06763337622297715,,,,,
-0.5294958866549764,-0.5175568791730979,-0.6397637572902204,-0.56655944429537,-0.6229384333941563,,,,,
0.5459530633858154,0.36569786653056335,0.5351574063643816,0.3090109031566559,0.33458587567384585,,,,,
0.41159252243328676,0.5146550912161603,0.22183813464059254,0.4393665176272444,0.334585875673846,,,,,
0.5021563044233427,0.5775206354069813,0.5050710121264439,0.6248837659902342,0.6229384333941564,,,,,
0.00850288583587061,-0.010379227494533195,0.02171610560087381,-0.009052812251102282,-1.2272633957622003e-17,,,,,
-0.008504669683398962,-0.015172295753865379,-0.02526459097446992,-0.02673214498776062,-0.0340849792796667,,,,,
0.09207143023019461,0.08582920119197875,0.08139008908615808,0.08241959152105433,0.08193980502587313,,,,,
-0.5184638341464574,-0.4900846432206424,-0.6725001979915745,-0.5589291181887059,-0.6382671481619144,,,,,
0.5850419452781496,0.35346079894938626,0.5498153771579584,0.27637753984165203,0.30432720479322345,,,,,
0.4156169594755955,0.5404099896456297,0.16182534410750352,0.43815562822506426,0.3043272047932237,,,,,
0.4649556085730924,0.5855250201114959,0.4682511001016799,0.6474823100028069,0.6382671481619145,,,,,
0.013312701361798858,-0.015757463823606148,0.03183992473948291,-0.013441326386805756,-1.888053604409003e-17,,,,,
-0.007255586195998803,-0.017957942295631173,-0.033447541607406726,-0.03527210788451301,-0.045874647453906944,,,,,
0.109809133279206,0.10187104527811278,0.09323471353505391,0.09663550310366587,0.09517510510302668,,,,,
-0.4963006474958344,-0.44572327864617967,-0.7061033427097939,-0.5409204501240703,-0.6497062727483534,,,,,
0.6346105999554191,0.35140950796094117,0.5657837745914578,0.25083937147253704,0.2790730355147952,,,,,
0.43142155016251843,0.576157172112125,0.10538454821368347,0.443968647755243,0.2790730355147955,,,,,
0.40599322626714884,0.5881199109121442,0.4125541016895795,0.6688621054950092,0.6497062727483536,,,,,
0.019551467385328734,-0.02262560880101116,0.04416859499473972,-0.019020706021089347,-2.4157918162645508e-17,,,,,
-0.0028774176166787005,-0.019030683999447854,-0.041385810435756475,-0.043766887117555345,-0.0584260691526818,,,,,
0.12647698171959315,0.11729247923716779,0.10263167465095845,0.11016674083382885,0.1074471209172024,,,,,
-0.45886647171090694,-0.3806506517624371,-0.7401422310561099,-0.5110666470433384,-0.6581848813466067,,,,,
0.691260877348186,0.3592769541638863,0.5813441809883158,0.23219995065060905,0.2584427634250049,,,,,
0.4573475183854235,0.6211543737326589,0.051212905516386756,0.4572355178397124,0.2584427634250053,,,,,
0.32005188331596246,0.5832601439429418,0.33407433206829634,0.6898041362760771,0.658184881346607,,,,,
0.02710004183300454,-0.03103077432075883,0.0586200067842142,-0.026001672678086576,-3.8967529385225976e-17,,,,,
0.005463499858490925,-0.017581651565636826,-0.048280319233261135,-0.0517132277651255,-0.07148422431784836,,,,,
0.14081382402820544,0.13158786900631284,0.10891278866286834,0.12302614999643709,0.11887416893883267,,,,,
-0.40072759190571017,-0.2903491595947257,-0.7721172587022851,-0.4671758922433726,-0.6645255408443593,,,,,
0.7479770230777879,0.3755061067112312,0.5932217297418998,0.21972671361037657,0.2416729309738914,,,,,
0.4890301884833344,0.672825043197426,-0.0025518734359950964,0.47800665111713814,0.24167293097389178,,,,,
0.2019832784789267,0.5674495489394558,0.2278517195854875,0.7106169844018442,0.6645255408443599,,,,,
0.035386968953379526,-0.040755542838938,0.07468045870334154,-0.03457996229492035,-5.846019333008066e-17,,,,,
0.018016853072941794,-0.01289472036943805,-0.053148358956149166,-0.05856513014823895,-0.08485748122560086,,,,,
0.15089593849586008,0.1438444618491297,0.11125953616838052,0.13511394626656345,0.12955099300262884,,,,,
-0.31590503677330345,-0.1705171883804725,-0.7960919271973649,-0.40656830072972017,-0.6695210156264675,,,,,
0.7931286550073477,0.39650579867024704,0.5957658011268455,0.21184479105753987,0.22746782109674937,,,,,
0.5184496718586159,0.7258063032346134,-0.058167811387847206,0.5055876547522985,0.22746782109675004,,,,,
0.04858890919939498,0.5356419048885108,0.08897898278369662,0.7308933743752271,0.6695210156264683,,,,,
0.043214144609049675,-0.051140046527830836,0.09106008288170392,-0.04486003848225458,-8.420069727911692e-17,,,,,
0.03381551433295554,-0.004629985909244514,-0.054920031078959694,-0.06375003790352052,-0.09842006601581424,,,,,
0.1544203803509188,0.15272008363980524,0.10888003821839072,0.14615007260199062,0.13951006367431398,,,,,
-0.19901896737424107,-0.01848789530631042,-0.8013009106024004,-0.326763145214302,-0.6740432441660111,,,,,
0.8102717902912981,0.41581890708030916,0.5803191986929864,0.20560531790525033,0.21369535557460873,,,,,
0.5333278537682783,0.7712664150507272,-0.11806096530408812,0.5380184386236634,0.21369535557460947,,,,,
-0.13932866495573484,0.48156095279463784,-0.08490045210457464,0.7493253364725454,0.674043244166012,,,,,
